{
  "type": "minecraft:smithing_transform",
  "base": [
    "minecraft:diamond_hoe"
  ],
  "addition": [
    "minecraft:redstone"
  ],
  "template": "minecraft:command_block",
  "result": {
    "id": "minecraft:diamond_hoe",
    "components": {
      "minecraft:custom_model_data": {
        "strings": [
          "diamond_hoe_tracks_redstone"
        ],
        "colors": []
      },      "minecraft:lore": [
        "{\"text\":\"Upgrades:\", \"color\":\"white\"}",
        "{\"text\":\" Tracks Item Trim\", \"color\":\"red\"}",
        "{\"text\":\" Redstone Material\", \"color\":\"red\"}"
      ]
    },
    "count": 1
  }
}
