{
  "type": "minecraft:smithing_transform",
  "base": [
    "minecraft:diamond_pickaxe"
  ],
  "addition": [
    "minecraft:quartz"
  ],
  "template": "minecraft:chain_command_block",
  "result": {
    "id": "minecraft:diamond_pickaxe",
    "components": {
      "minecraft:custom_model_data": {
        "strings": [
          "diamond_pickaxe_linear_quartz"
        ],
        "colors": []
      },      "minecraft:lore": [
        "{\"text\":\"Upgrades:\", \"color\":\"white\"}",
        "{\"text\":\" Linear Item Trim\", \"color\":\"#d9d9f3\"}",
        "{\"text\":\" Quartz Material\", \"color\":\"#d9d9f3\"}"
      ]
    },
    "count": 1
  }
}
