{
  "type": "minecraft:smithing_transform",
  "base": [
    "minecraft:diamond_axe"
  ],
  "addition": [
    "minecraft:iron_ingot"
  ],
  "template": "minecraft:chain_command_block",
  "result": {
    "id": "minecraft:diamond_axe",
    "components": {
      "minecraft:custom_model_data": {
        "strings": [
          "diamond_axe_linear_iron"
        ],
        "colors": []
      },      "minecraft:lore": [
        "{\"text\":\"Upgrades:\", \"color\":\"white\"}",
        "{\"text\":\" Linear Item Trim\", \"color\":\"gray\"}",
        "{\"text\":\" Iron Material\", \"color\":\"gray\"}"
      ]
    },
    "count": 1
  }
}
