{
  "type": "minecraft:smithing_transform",
  "base": [
    "minecraft:diamond_sword"
  ],
  "addition": [
    "minecraft:emerald"
  ],
  "template": "minecraft:jigsaw",
  "result": {
    "id": "minecraft:diamond_sword",
    "components": {
      "minecraft:custom_model_data": {
        "strings": [
          "diamond_sword_charge_emerald"
        ],
        "colors": []
      },      "minecraft:lore": [
        "{\"text\":\"Upgrades:\", \"color\":\"white\"}",
        "{\"text\":\" Charge Item Trim\", \"color\":\"green\"}",
        "{\"text\":\" Emerald Material\", \"color\":\"green\"}"
      ]
    },
    "count": 1
  }
}
