{
  "type": "minecraft:smithing_transform",
  "base": [
    "minecraft:diamond_pickaxe"
  ],
  "addition": [
    "minecraft:emerald"
  ],
  "template": "minecraft:repeating_command_block",
  "result": {
    "id": "minecraft:diamond_pickaxe",
    "components": {
      "minecraft:custom_model_data": {
        "strings": [
          "diamond_pickaxe_frost_emerald"
        ],
        "colors": []
      },      "minecraft:lore": [
        "{\"text\":\"Upgrades:\", \"color\":\"white\"}",
        "{\"text\":\" Frost Item Trim\", \"color\":\"green\"}",
        "{\"text\":\" Emerald Material\", \"color\":\"green\"}"
      ]
    },
    "count": 1
  }
}
