{
  "type": "minecraft:smithing_transform",
  "base": [
    "minecraft:diamond_pickaxe"
  ],
  "addition": [
    "minecraft:netherite_ingot"
  ],
  "template": "minecraft:chain_command_block",
  "result": {
    "id": "minecraft:diamond_pickaxe",
    "components": {
      "minecraft:custom_model_data": {
        "strings": [
          "diamond_pickaxe_linear_netherite"
        ],
        "colors": []
      },      "minecraft:lore": [
        "{\"text\":\"Upgrades:\", \"color\":\"white\"}",
        "{\"text\":\" Linear Item Trim\", \"color\":\"dark_gray\"}",
        "{\"text\":\" Netherite Material\", \"color\":\"dark_gray\"}"
      ]
    },
    "count": 1
  }
}
