{
  "type": "minecraft:smithing_transform",
  "base": [
    "minecraft:diamond_axe"
  ],
  "addition": [
    "minecraft:resin_brick"
  ],
  "template": "minecraft:jigsaw",
  "result": {
    "id": "minecraft:diamond_axe",
    "components": {
      "minecraft:custom_model_data": {
        "strings": [
          "diamond_axe_charge_resin"
        ],
        "colors": []
      },      "minecraft:lore": [
        "{\"text\":\"Upgrades:\", \"color\":\"white\"}",
        "{\"text\":\" Charge Item Trim\", \"color\":\"#FFA500\"}",
        "{\"text\":\" Resin Material\", \"color\":\"#FFA500\"}"
      ]
    },
    "count": 1
  }
}
