{
  "type": "minecraft:smithing_transform",
  "base": [
    "minecraft:diamond_pickaxe"
  ],
  "addition": [
    "minecraft:lapis_lazuli"
  ],
  "template": "minecraft:chain_command_block",
  "result": {
    "id": "minecraft:diamond_pickaxe",
    "components": {
      "minecraft:custom_model_data": {
        "strings": [
          "diamond_pickaxe_linear_lapis"
        ],
        "colors": []
      },      "minecraft:lore": [
        "{\"text\":\"Upgrades:\", \"color\":\"white\"}",
        "{\"text\":\" Linear Item Trim\", \"color\":\"#26619c\"}",
        "{\"text\":\" Lapis Material\", \"color\":\"#26619c\"}"
      ]
    },
    "count": 1
  }
}
