{
  "type": "minecraft:smithing_transform",
  "base": [
    "minecraft:golden_shovel"
  ],
  "addition": [
    "minecraft:gold_ingot"
  ],
  "template": "minecraft:jigsaw",
  "result": {
    "id": "minecraft:golden_shovel",
    "components": {
      "minecraft:custom_model_data": {
        "strings": [
          "golden_shovel_charge_gold"
        ],
        "colors": []
      },      "minecraft:lore": [
        "{\"text\":\"Upgrades:\", \"color\":\"white\"}",
        "{\"text\":\" Charge Item Trim\", \"color\":\"gold\"}",
        "{\"text\":\" Gold Material\", \"color\":\"gold\"}"
      ]
    },
    "count": 1
  }
}
