{
  "type": "minecraft:smithing_transform",
  "base": [
    "minecraft:golden_shovel"
  ],
  "addition": [
    "minecraft:redstone"
  ],
  "template": "minecraft:command_block",
  "result": {
    "id": "minecraft:golden_shovel",
    "components": {
      "minecraft:custom_model_data": {
        "strings": [
          "golden_shovel_tracks_redstone"
        ],
        "colors": []
      },      "minecraft:lore": [
        "{\"text\":\"Upgrades:\", \"color\":\"white\"}",
        "{\"text\":\" Tracks Item Trim\", \"color\":\"red\"}",
        "{\"text\":\" Redstone Material\", \"color\":\"red\"}"
      ]
    },
    "count": 1
  }
}
