{
  "type": "minecraft:smithing_transform",
  "base": [
    "minecraft:golden_hoe"
  ],
  "addition": [
    "minecraft:copper_ingot"
  ],
  "template": "minecraft:repeating_command_block",
  "result": {
    "id": "minecraft:golden_hoe",
    "components": {
      "minecraft:custom_model_data": {
        "strings": [
          "golden_hoe_frost_copper"
        ],
        "colors": []
      },      "minecraft:lore": [
        "{\"text\":\"Upgrades:\", \"color\":\"white\"}",
        "{\"text\":\" Frost Item Trim\", \"color\":\"#b87333\"}",
        "{\"text\":\" Copper Material\", \"color\":\"#b87333\"}"
      ]
    },
    "count": 1
  }
}
