{
  "type": "minecraft:smithing_transform",
  "base": [
    "minecraft:golden_pickaxe"
  ],
  "addition": [
    "minecraft:iron_ingot"
  ],
  "template": "minecraft:repeating_command_block",
  "result": {
    "id": "minecraft:golden_pickaxe",
    "components": {
      "minecraft:custom_model_data": {
        "strings": [
          "golden_pickaxe_frost_iron"
        ],
        "colors": []
      },      "minecraft:lore": [
        "{\"text\":\"Upgrades:\", \"color\":\"white\"}",
        "{\"text\":\" Frost Item Trim\", \"color\":\"gray\"}",
        "{\"text\":\" Iron Material\", \"color\":\"gray\"}"
      ]
    },
    "count": 1
  }
}
