{
  "type": "minecraft:smithing_transform",
  "base": [
    "minecraft:golden_sword"
  ],
  "addition": [
    "minecraft:resin_brick"
  ],
  "template": "minecraft:chain_command_block",
  "result": {
    "id": "minecraft:golden_sword",
    "components": {
      "minecraft:custom_model_data": {
        "strings": [
          "golden_sword_linear_resin"
        ],
        "colors": []
      },      "minecraft:lore": [
        "{\"text\":\"Upgrades:\", \"color\":\"white\"}",
        "{\"text\":\" Linear Item Trim\", \"color\":\"#FFA500\"}",
        "{\"text\":\" Resin Material\", \"color\":\"#FFA500\"}"
      ]
    },
    "count": 1
  }
}
