{
  "type": "minecraft:smithing_transform",
  "base": [
    "minecraft:golden_pickaxe"
  ],
  "addition": [
    "minecraft:lapis_lazuli"
  ],
  "template": "minecraft:command_block",
  "result": {
    "id": "minecraft:golden_pickaxe",
    "components": {
      "minecraft:custom_model_data": {
        "strings": [
          "golden_pickaxe_tracks_lapis"
        ],
        "colors": []
      },      "minecraft:lore": [
        "{\"text\":\"Upgrades:\", \"color\":\"white\"}",
        "{\"text\":\" Tracks Item Trim\", \"color\":\"#26619c\"}",
        "{\"text\":\" Lapis Material\", \"color\":\"#26619c\"}"
      ]
    },
    "count": 1
  }
}
