{
  "type": "minecraft:smithing_transform",
  "base": [
    "minecraft:iron_axe"
  ],
  "addition": [
    "minecraft:lapis_lazuli"
  ],
  "template": "minecraft:repeating_command_block",
  "result": {
    "id": "minecraft:iron_axe",
    "components": {
      "minecraft:custom_model_data": {
        "strings": [
          "iron_axe_frost_lapis"
        ],
        "colors": []
      },      "minecraft:lore": [
        "{\"text\":\"Upgrades:\", \"color\":\"white\"}",
        "{\"text\":\" Frost Item Trim\", \"color\":\"#26619c\"}",
        "{\"text\":\" Lapis Material\", \"color\":\"#26619c\"}"
      ]
    },
    "count": 1
  }
}
