{
  "display": {
    "icon": {
      "id": "minecraft:chain_command_block",
      "components": {
        "minecraft:custom_model_data": {
          "strings": [
            "customtools:item/trims/scythe"
          ]
        }
      }
    },
    "title": "ToolTrims",
    "description": "Customize your tools with Item Trims. Get Vote Tokens and trade with wandering traders for Trims",
    "background": "minecraft:textures/block/deepslate_tiles.png",
    "frame": "task",
    "show_toast": true,
    "announce_to_chat": false,
    "hidden": false
  },
  "criteria": {
    "trims": {
      "trigger": "minecraft:tick"
    }
  },
  "rewards": {
    "function": "tooltrims:unlock"
  }
}