{
  "display": {
    "icon": {
      "id": "minecraft:repeating_command_block"
    },
    "title": "Tracks Trim",
    "description": "Tracks Trim Get",
    "frame": "goal",
    "show_toast": true,
    "announce_to_chat": false,
    "hidden": false
  },
  "parent": "tooltrims:root",
  "criteria": {
    "charge": {
      "trigger": "minecraft:inventory_changed",
      "conditions": {
        "items": [
          {
            "items": "minecraft:command_block"
          }
        ]
      }
    }
  }
}