{
  "type": "minecraft:crafting_shapeless",
  "ingredients": [
    [
      "minecraft:diamond"
    ]
  ],
  "result": {
    "id": "minecraft:repeating_command_block",
    "components": {
      "minecraft:item_name": "{\"color\":\"#a700fa\",\"text\":\"Frost Tool Trim\"}",
      "minecraft:item_model": "tooltrims:frost_smithing_template",
      "minecraft:attribute_modifiers": {
        "modifiers": [
          {
            "type": "minecraft:block_interaction_range",
            "id": "minecraft:repeating_command_block",
            "amount": -5,
            "operation": "add_value"
          }
        ]
      }
    },
    "count": 64
  }
}