{
	"model": {
		"type": "select",
		"property": "custom_model_data",
		"fallback": {
			"type": "model",
			"model": "item/golden_shovel"
		},
		"cases": [
			{
				"when": "dontuse",
				"model": {
					"type": "model",
					"model": "item/dontuse"
				}
			},
			{
				"when": "golden_shovel_linear_amethyst",
				"model": {
					"type": "model",
					"model": "tooltrims:item/trims/golden_shovel_linear_amethyst"
				}
			},
			{
				"when": "golden_shovel_tracks_amethyst",
				"model": {
					"type": "model",
					"model": "tooltrims:item/trims/golden_shovel_tracks_amethyst"
				}
			},
			{
				"when": "golden_shovel_charge_amethyst",
				"model": {
					"type": "model",
					"model": "tooltrims:item/trims/golden_shovel_charge_amethyst"
				}
			},
			{
				"when": "golden_shovel_frost_amethyst",
				"model": {
					"type": "model",
					"model": "tooltrims:item/trims/golden_shovel_frost_amethyst"
				}
			},
			{
				"when": "golden_shovel_linear_copper",
				"model": {
					"type": "model",
					"model": "tooltrims:item/trims/golden_shovel_linear_copper"
				}
			},
			{
				"when": "golden_shovel_tracks_copper",
				"model": {
					"type": "model",
					"model": "tooltrims:item/trims/golden_shovel_tracks_copper"
				}
			},
			{
				"when": "golden_shovel_charge_copper",
				"model": {
					"type": "model",
					"model": "tooltrims:item/trims/golden_shovel_charge_copper"
				}
			},
			{
				"when": "golden_shovel_frost_copper",
				"model": {
					"type": "model",
					"model": "tooltrims:item/trims/golden_shovel_frost_copper"
				}
			},
			{
				"when": "golden_shovel_linear_diamond",
				"model": {
					"type": "model",
					"model": "tooltrims:item/trims/golden_shovel_linear_diamond"
				}
			},
			{
				"when": "golden_shovel_tracks_diamond",
				"model": {
					"type": "model",
					"model": "tooltrims:item/trims/golden_shovel_tracks_diamond"
				}
			},
			{
				"when": "golden_shovel_charge_diamond",
				"model": {
					"type": "model",
					"model": "tooltrims:item/trims/golden_shovel_charge_diamond"
				}
			},
			{
				"when": "golden_shovel_frost_diamond",
				"model": {
					"type": "model",
					"model": "tooltrims:item/trims/golden_shovel_frost_diamond"
				}
			},
			{
				"when": "golden_shovel_linear_emerald",
				"model": {
					"type": "model",
					"model": "tooltrims:item/trims/golden_shovel_linear_emerald"
				}
			},
			{
				"when": "golden_shovel_tracks_emerald",
				"model": {
					"type": "model",
					"model": "tooltrims:item/trims/golden_shovel_tracks_emerald"
				}
			},
			{
				"when": "golden_shovel_charge_emerald",
				"model": {
					"type": "model",
					"model": "tooltrims:item/trims/golden_shovel_charge_emerald"
				}
			},
			{
				"when": "golden_shovel_frost_emerald",
				"model": {
					"type": "model",
					"model": "tooltrims:item/trims/golden_shovel_frost_emerald"
				}
			},
			{
				"when": "golden_shovel_linear_gold",
				"model": {
					"type": "model",
					"model": "tooltrims:item/trims/golden_shovel_linear_gold"
				}
			},
			{
				"when": "golden_shovel_tracks_gold",
				"model": {
					"type": "model",
					"model": "tooltrims:item/trims/golden_shovel_tracks_gold"
				}
			},
			{
				"when": "golden_shovel_charge_gold",
				"model": {
					"type": "model",
					"model": "tooltrims:item/trims/golden_shovel_charge_gold"
				}
			},
			{
				"when": "golden_shovel_frost_gold",
				"model": {
					"type": "model",
					"model": "tooltrims:item/trims/golden_shovel_frost_gold"
				}
			},
			{
				"when": "golden_shovel_linear_iron",
				"model": {
					"type": "model",
					"model": "tooltrims:item/trims/golden_shovel_linear_iron"
				}
			},
			{
				"when": "golden_shovel_tracks_iron",
				"model": {
					"type": "model",
					"model": "tooltrims:item/trims/golden_shovel_tracks_iron"
				}
			},
			{
				"when": "golden_shovel_charge_iron",
				"model": {
					"type": "model",
					"model": "tooltrims:item/trims/golden_shovel_charge_iron"
				}
			},
			{
				"when": "golden_shovel_frost_iron",
				"model": {
					"type": "model",
					"model": "tooltrims:item/trims/golden_shovel_frost_iron"
				}
			},
			{
				"when": "golden_shovel_linear_lapis",
				"model": {
					"type": "model",
					"model": "tooltrims:item/trims/golden_shovel_linear_lapis"
				}
			},
			{
				"when": "golden_shovel_tracks_lapis",
				"model": {
					"type": "model",
					"model": "tooltrims:item/trims/golden_shovel_tracks_lapis"
				}
			},
			{
				"when": "golden_shovel_charge_lapis",
				"model": {
					"type": "model",
					"model": "tooltrims:item/trims/golden_shovel_charge_lapis"
				}
			},
			{
				"when": "golden_shovel_frost_lapis",
				"model": {
					"type": "model",
					"model": "tooltrims:item/trims/golden_shovel_frost_lapis"
				}
			},
			{
				"when": "golden_shovel_linear_netherite",
				"model": {
					"type": "model",
					"model": "tooltrims:item/trims/golden_shovel_linear_netherite"
				}
			},
			{
				"when": "golden_shovel_tracks_netherite",
				"model": {
					"type": "model",
					"model": "tooltrims:item/trims/golden_shovel_tracks_netherite"
				}
			},
			{
				"when": "golden_shovel_charge_netherite",
				"model": {
					"type": "model",
					"model": "tooltrims:item/trims/golden_shovel_charge_netherite"
				}
			},
			{
				"when": "golden_shovel_frost_netherite",
				"model": {
					"type": "model",
					"model": "tooltrims:item/trims/golden_shovel_frost_netherite"
				}
			},
			{
				"when": "golden_shovel_linear_quartz",
				"model": {
					"type": "model",
					"model": "tooltrims:item/trims/golden_shovel_linear_quartz"
				}
			},
			{
				"when": "golden_shovel_tracks_quartz",
				"model": {
					"type": "model",
					"model": "tooltrims:item/trims/golden_shovel_tracks_quartz"
				}
			},
			{
				"when": "golden_shovel_charge_quartz",
				"model": {
					"type": "model",
					"model": "tooltrims:item/trims/golden_shovel_charge_quartz"
				}
			},
			{
				"when": "golden_shovel_frost_quartz",
				"model": {
					"type": "model",
					"model": "tooltrims:item/trims/golden_shovel_frost_quartz"
				}
			},
			{
				"when": "golden_shovel_linear_redstone",
				"model": {
					"type": "model",
					"model": "tooltrims:item/trims/golden_shovel_linear_redstone"
				}
			},
			{
				"when": "golden_shovel_tracks_redstone",
				"model": {
					"type": "model",
					"model": "tooltrims:item/trims/golden_shovel_tracks_redstone"
				}
			},
			{
				"when": "golden_shovel_charge_redstone",
				"model": {
					"type": "model",
					"model": "tooltrims:item/trims/golden_shovel_charge_redstone"
				}
			},
			{
				"when": "golden_shovel_frost_redstone",
				"model": {
					"type": "model",
					"model": "tooltrims:item/trims/golden_shovel_frost_redstone"
				}
			},
			{
				"when": "golden_shovel_linear_resin",
				"model": {
					"type": "model",
					"model": "tooltrims:item/trims/golden_shovel_linear_resin"
				}
			},
			{
				"when": "golden_shovel_tracks_resin",
				"model": {
					"type": "model",
					"model": "tooltrims:item/trims/golden_shovel_tracks_resin"
				}
			},
			{
				"when": "golden_shovel_charge_resin",
				"model": {
					"type": "model",
					"model": "tooltrims:item/trims/golden_shovel_charge_resin"
				}
			},
			{
				"when": "golden_shovel_frost_resin",
				"model": {
					"type": "model",
					"model": "tooltrims:item/trims/golden_shovel_frost_resin"
				}
			},
			{
				"when": "endsword",
				"model": {
					"type": "model",
					"model": "customtools:item/trims/endsword"
				}
			},
			{
				"when": "scythe",
				"model": {
					"type": "model",
					"model": "customtools:item/trims/scythe"
				}
			}
		]
	}
}
