{
    "model": {
        "type": "range_dispatch",
        "property": "custom_model_data",
        "fallback": {
            "type": "minecraft:condition",
            "property": "minecraft:using_item",
            "on_false": {
                "type": "minecraft:model",
                "model": "minecraft:item/bow"
            },
            "on_true": {
                "type": "minecraft:range_dispatch",
                "property": "minecraft:use_duration",
                "scale": 0.05,
                "fallback": {
                    "type": "minecraft:model",
                    "model": "minecraft:item/bow_pulling_0"
                },
                "entries": [
                    {
                        "threshold": 0.65,
                        "model": {
                            "type": "minecraft:model",
                            "model": "minecraft:item/bow_pulling_1"
                        }
                    },
                    {
                        "threshold": 0.9,
                        "model": {
                            "type": "minecraft:model",
                            "model": "minecraft:item/bow_pulling_2"
                        }
                    }
                ]
            }
        },
        "entries": [
            {
                "threshold": 311001,
                "model": {
                    "type": "minecraft:condition",
                    "property": "minecraft:using_item",
                    "on_false": {
                        "type": "minecraft:model",
                        "model": "tooltrims:item/trims/bow_linear_amethyst"
                    },
                    "on_true": {
                        "type": "minecraft:range_dispatch",
                        "property": "minecraft:use_duration",
                        "scale": 0.05,
                        "fallback": {
                            "type": "minecraft:model",
                            "model": "tooltrims:item/trims/bow_linear_amethyst"
                        },
                        "entries": [
                            {
                                "threshold": 0.0,
                                "model": {
                                    "type": "minecraft:model",
                                    "model": "tooltrims:item/trims/bow_pulling_0_linear_amethyst"
                                }
                            },
                            {
                                "threshold": 0.65,
                                "model": {
                                    "type": "minecraft:model",
                                    "model": "tooltrims:item/trims/bow_pulling_1_linear_amethyst"
                                }
                            },
                            {
                                "threshold": 0.9,
                                "model": {
                                    "type": "minecraft:model",
                                    "model": "tooltrims:item/trims/bow_pulling_2_linear_amethyst"
                                }
                            }
                        ]
                    }
                }
            },
            {
                "threshold": 311002,
                "model": {
                    "type": "minecraft:condition",
                    "property": "minecraft:using_item",
                    "on_false": {
                        "type": "minecraft:model",
                        "model": "tooltrims:item/trims/bow_linear_copper"
                    },
                    "on_true": {
                        "type": "minecraft:range_dispatch",
                        "property": "minecraft:use_duration",
                        "scale": 0.05,
                        "fallback": {
                            "type": "minecraft:model",
                            "model": "tooltrims:item/trims/bow_linear_copper"
                        },
                        "entries": [
                            {
                                "threshold": 0.0,
                                "model": {
                                    "type": "minecraft:model",
                                    "model": "tooltrims:item/trims/bow_pulling_0_linear_copper"
                                }
                            },
                            {
                                "threshold": 0.65,
                                "model": {
                                    "type": "minecraft:model",
                                    "model": "tooltrims:item/trims/bow_pulling_1_linear_copper"
                                }
                            },
                            {
                                "threshold": 0.9,
                                "model": {
                                    "type": "minecraft:model",
                                    "model": "tooltrims:item/trims/bow_pulling_2_linear_copper"
                                }
                            }
                        ]
                    }
                }
            },
            {
                "threshold": 311003,
                "model": {
                    "type": "minecraft:condition",
                    "property": "minecraft:using_item",
                    "on_false": {
                        "type": "minecraft:model",
                        "model": "tooltrims:item/trims/bow_linear_diamond"
                    },
                    "on_true": {
                        "type": "minecraft:range_dispatch",
                        "property": "minecraft:use_duration",
                        "scale": 0.05,
                        "fallback": {
                            "type": "minecraft:model",
                            "model": "tooltrims:item/trims/bow_linear_diamond"
                        },
                        "entries": [
                            {
                                "threshold": 0.0,
                                "model": {
                                    "type": "minecraft:model",
                                    "model": "tooltrims:item/trims/bow_pulling_0_linear_diamond"
                                }
                            },
                            {
                                "threshold": 0.65,
                                "model": {
                                    "type": "minecraft:model",
                                    "model": "tooltrims:item/trims/bow_pulling_1_linear_diamond"
                                }
                            },
                            {
                                "threshold": 0.9,
                                "model": {
                                    "type": "minecraft:model",
                                    "model": "tooltrims:item/trims/bow_pulling_2_linear_diamond"
                                }
                            }
                        ]
                    }
                }
            },
            {
                "threshold": 311004,
                "model": {
                    "type": "minecraft:condition",
                    "property": "minecraft:using_item",
                    "on_false": {
                        "type": "minecraft:model",
                        "model": "tooltrims:item/trims/bow_linear_emerald"
                    },
                    "on_true": {
                        "type": "minecraft:range_dispatch",
                        "property": "minecraft:use_duration",
                        "scale": 0.05,
                        "fallback": {
                            "type": "minecraft:model",
                            "model": "tooltrims:item/trims/bow_linear_emerald"
                        },
                        "entries": [
                            {
                                "threshold": 0.0,
                                "model": {
                                    "type": "minecraft:model",
                                    "model": "tooltrims:item/trims/bow_pulling_0_linear_emerald"
                                }
                            },
                            {
                                "threshold": 0.65,
                                "model": {
                                    "type": "minecraft:model",
                                    "model": "tooltrims:item/trims/bow_pulling_1_linear_emerald"
                                }
                            },
                            {
                                "threshold": 0.9,
                                "model": {
                                    "type": "minecraft:model",
                                    "model": "tooltrims:item/trims/bow_pulling_2_linear_emerald"
                                }
                            }
                        ]
                    }
                }
            },
            {
                "threshold": 311005,
                "model": {
                    "type": "minecraft:condition",
                    "property": "minecraft:using_item",
                    "on_false": {
                        "type": "minecraft:model",
                        "model": "tooltrims:item/trims/bow_linear_gold"
                    },
                    "on_true": {
                        "type": "minecraft:range_dispatch",
                        "property": "minecraft:use_duration",
                        "scale": 0.05,
                        "fallback": {
                            "type": "minecraft:model",
                            "model": "tooltrims:item/trims/bow_linear_gold"
                        },
                        "entries": [
                            {
                                "threshold": 0.0,
                                "model": {
                                    "type": "minecraft:model",
                                    "model": "tooltrims:item/trims/bow_pulling_0_linear_gold"
                                }
                            },
                            {
                                "threshold": 0.65,
                                "model": {
                                    "type": "minecraft:model",
                                    "model": "tooltrims:item/trims/bow_pulling_1_linear_gold"
                                }
                            },
                            {
                                "threshold": 0.9,
                                "model": {
                                    "type": "minecraft:model",
                                    "model": "tooltrims:item/trims/bow_pulling_2_linear_gold"
                                }
                            }
                        ]
                    }
                }
            },
            {
                "threshold": 311006,
                "model": {
                    "type": "minecraft:condition",
                    "property": "minecraft:using_item",
                    "on_false": {
                        "type": "minecraft:model",
                        "model": "tooltrims:item/trims/bow_linear_iron"
                    },
                    "on_true": {
                        "type": "minecraft:range_dispatch",
                        "property": "minecraft:use_duration",
                        "scale": 0.05,
                        "fallback": {
                            "type": "minecraft:model",
                            "model": "tooltrims:item/trims/bow_linear_iron"
                        },
                        "entries": [
                            {
                                "threshold": 0.0,
                                "model": {
                                    "type": "minecraft:model",
                                    "model": "tooltrims:item/trims/bow_pulling_0_linear_iron"
                                }
                            },
                            {
                                "threshold": 0.65,
                                "model": {
                                    "type": "minecraft:model",
                                    "model": "tooltrims:item/trims/bow_pulling_1_linear_iron"
                                }
                            },
                            {
                                "threshold": 0.9,
                                "model": {
                                    "type": "minecraft:model",
                                    "model": "tooltrims:item/trims/bow_pulling_2_linear_iron"
                                }
                            }
                        ]
                    }
                }
            },
            {
                "threshold": 311007,
                "model": {
                    "type": "minecraft:condition",
                    "property": "minecraft:using_item",
                    "on_false": {
                        "type": "minecraft:model",
                        "model": "tooltrims:item/trims/bow_linear_lapis"
                    },
                    "on_true": {
                        "type": "minecraft:range_dispatch",
                        "property": "minecraft:use_duration",
                        "scale": 0.05,
                        "fallback": {
                            "type": "minecraft:model",
                            "model": "tooltrims:item/trims/bow_linear_lapis"
                        },
                        "entries": [
                            {
                                "threshold": 0.0,
                                "model": {
                                    "type": "minecraft:model",
                                    "model": "tooltrims:item/trims/bow_pulling_0_linear_lapis"
                                }
                            },
                            {
                                "threshold": 0.65,
                                "model": {
                                    "type": "minecraft:model",
                                    "model": "tooltrims:item/trims/bow_pulling_1_linear_lapis"
                                }
                            },
                            {
                                "threshold": 0.9,
                                "model": {
                                    "type": "minecraft:model",
                                    "model": "tooltrims:item/trims/bow_pulling_2_linear_lapis"
                                }
                            }
                        ]
                    }
                }
            },
            {
                "threshold": 311008,
                "model": {
                    "type": "minecraft:condition",
                    "property": "minecraft:using_item",
                    "on_false": {
                        "type": "minecraft:model",
                        "model": "tooltrims:item/trims/bow_linear_netherite"
                    },
                    "on_true": {
                        "type": "minecraft:range_dispatch",
                        "property": "minecraft:use_duration",
                        "scale": 0.05,
                        "fallback": {
                            "type": "minecraft:model",
                            "model": "tooltrims:item/trims/bow_linear_netherite"
                        },
                        "entries": [
                            {
                                "threshold": 0.0,
                                "model": {
                                    "type": "minecraft:model",
                                    "model": "tooltrims:item/trims/bow_pulling_0_linear_netherite"
                                }
                            },
                            {
                                "threshold": 0.65,
                                "model": {
                                    "type": "minecraft:model",
                                    "model": "tooltrims:item/trims/bow_pulling_1_linear_netherite"
                                }
                            },
                            {
                                "threshold": 0.9,
                                "model": {
                                    "type": "minecraft:model",
                                    "model": "tooltrims:item/trims/bow_pulling_2_linear_netherite"
                                }
                            }
                        ]
                    }
                }
            },
            {
                "threshold": 311009,
                "model": {
                    "type": "minecraft:condition",
                    "property": "minecraft:using_item",
                    "on_false": {
                        "type": "minecraft:model",
                        "model": "tooltrims:item/trims/bow_linear_quartz"
                    },
                    "on_true": {
                        "type": "minecraft:range_dispatch",
                        "property": "minecraft:use_duration",
                        "scale": 0.05,
                        "fallback": {
                            "type": "minecraft:model",
                            "model": "tooltrims:item/trims/bow_linear_quartz"
                        },
                        "entries": [
                            {
                                "threshold": 0.0,
                                "model": {
                                    "type": "minecraft:model",
                                    "model": "tooltrims:item/trims/bow_pulling_0_linear_quartz"
                                }
                            },
                            {
                                "threshold": 0.65,
                                "model": {
                                    "type": "minecraft:model",
                                    "model": "tooltrims:item/trims/bow_pulling_1_linear_quartz"
                                }
                            },
                            {
                                "threshold": 0.9,
                                "model": {
                                    "type": "minecraft:model",
                                    "model": "tooltrims:item/trims/bow_pulling_2_linear_quartz"
                                }
                            }
                        ]
                    }
                }
            },
            {
                "threshold": 311010,
                "model": {
                    "type": "minecraft:condition",
                    "property": "minecraft:using_item",
                    "on_false": {
                        "type": "minecraft:model",
                        "model": "tooltrims:item/trims/bow_linear_redstone"
                    },
                    "on_true": {
                        "type": "minecraft:range_dispatch",
                        "property": "minecraft:use_duration",
                        "scale": 0.05,
                        "fallback": {
                            "type": "minecraft:model",
                            "model": "tooltrims:item/trims/bow_linear_redstone"
                        },
                        "entries": [
                            {
                                "threshold": 0.0,
                                "model": {
                                    "type": "minecraft:model",
                                    "model": "tooltrims:item/trims/bow_pulling_0_linear_redstone"
                                }
                            },
                            {
                                "threshold": 0.65,
                                "model": {
                                    "type": "minecraft:model",
                                    "model": "tooltrims:item/trims/bow_pulling_1_linear_redstone"
                                }
                            },
                            {
                                "threshold": 0.9,
                                "model": {
                                    "type": "minecraft:model",
                                    "model": "tooltrims:item/trims/bow_pulling_2_linear_redstone"
                                }
                            }
                        ]
                    }
                }
            },
            {
                "threshold": 311011,
                "model": {
                    "type": "minecraft:condition",
                    "property": "minecraft:using_item",
                    "on_false": {
                        "type": "minecraft:model",
                        "model": "tooltrims:item/trims/bow_tracks_amethyst"
                    },
                    "on_true": {
                        "type": "minecraft:range_dispatch",
                        "property": "minecraft:use_duration",
                        "scale": 0.05,
                        "fallback": {
                            "type": "minecraft:model",
                            "model": "tooltrims:item/trims/bow_tracks_amethyst"
                        },
                        "entries": [
                            {
                                "threshold": 0.0,
                                "model": {
                                    "type": "minecraft:model",
                                    "model": "tooltrims:item/trims/bow_pulling_0_tracks_amethyst"
                                }
                            },
                            {
                                "threshold": 0.65,
                                "model": {
                                    "type": "minecraft:model",
                                    "model": "tooltrims:item/trims/bow_pulling_1_tracks_amethyst"
                                }
                            },
                            {
                                "threshold": 0.9,
                                "model": {
                                    "type": "minecraft:model",
                                    "model": "tooltrims:item/trims/bow_pulling_2_tracks_amethyst"
                                }
                            }
                        ]
                    }
                }
            },
            {
                "threshold": 311012,
                "model": {
                    "type": "minecraft:condition",
                    "property": "minecraft:using_item",
                    "on_false": {
                        "type": "minecraft:model",
                        "model": "tooltrims:item/trims/bow_tracks_copper"
                    },
                    "on_true": {
                        "type": "minecraft:range_dispatch",
                        "property": "minecraft:use_duration",
                        "scale": 0.05,
                        "fallback": {
                            "type": "minecraft:model",
                            "model": "tooltrims:item/trims/bow_tracks_copper"
                        },
                        "entries": [
                            {
                                "threshold": 0.0,
                                "model": {
                                    "type": "minecraft:model",
                                    "model": "tooltrims:item/trims/bow_pulling_0_tracks_copper"
                                }
                            },
                            {
                                "threshold": 0.65,
                                "model": {
                                    "type": "minecraft:model",
                                    "model": "tooltrims:item/trims/bow_pulling_1_tracks_copper"
                                }
                            },
                            {
                                "threshold": 0.9,
                                "model": {
                                    "type": "minecraft:model",
                                    "model": "tooltrims:item/trims/bow_pulling_2_tracks_copper"
                                }
                            }
                        ]
                    }
                }
            },
            {
                "threshold": 311013,
                "model": {
                    "type": "minecraft:condition",
                    "property": "minecraft:using_item",
                    "on_false": {
                        "type": "minecraft:model",
                        "model": "tooltrims:item/trims/bow_tracks_diamond"
                    },
                    "on_true": {
                        "type": "minecraft:range_dispatch",
                        "property": "minecraft:use_duration",
                        "scale": 0.05,
                        "fallback": {
                            "type": "minecraft:model",
                            "model": "tooltrims:item/trims/bow_tracks_diamond"
                        },
                        "entries": [
                            {
                                "threshold": 0.0,
                                "model": {
                                    "type": "minecraft:model",
                                    "model": "tooltrims:item/trims/bow_pulling_0_tracks_diamond"
                                }
                            },
                            {
                                "threshold": 0.65,
                                "model": {
                                    "type": "minecraft:model",
                                    "model": "tooltrims:item/trims/bow_pulling_1_tracks_diamond"
                                }
                            },
                            {
                                "threshold": 0.9,
                                "model": {
                                    "type": "minecraft:model",
                                    "model": "tooltrims:item/trims/bow_pulling_2_tracks_diamond"
                                }
                            }
                        ]
                    }
                }
            },
            {
                "threshold": 311014,
                "model": {
                    "type": "minecraft:condition",
                    "property": "minecraft:using_item",
                    "on_false": {
                        "type": "minecraft:model",
                        "model": "tooltrims:item/trims/bow_tracks_emerald"
                    },
                    "on_true": {
                        "type": "minecraft:range_dispatch",
                        "property": "minecraft:use_duration",
                        "scale": 0.05,
                        "fallback": {
                            "type": "minecraft:model",
                            "model": "tooltrims:item/trims/bow_tracks_emerald"
                        },
                        "entries": [
                            {
                                "threshold": 0.0,
                                "model": {
                                    "type": "minecraft:model",
                                    "model": "tooltrims:item/trims/bow_pulling_0_tracks_emerald"
                                }
                            },
                            {
                                "threshold": 0.65,
                                "model": {
                                    "type": "minecraft:model",
                                    "model": "tooltrims:item/trims/bow_pulling_1_tracks_emerald"
                                }
                            },
                            {
                                "threshold": 0.9,
                                "model": {
                                    "type": "minecraft:model",
                                    "model": "tooltrims:item/trims/bow_pulling_2_tracks_emerald"
                                }
                            }
                        ]
                    }
                }
            },
            {
                "threshold": 311015,
                "model": {
                    "type": "minecraft:condition",
                    "property": "minecraft:using_item",
                    "on_false": {
                        "type": "minecraft:model",
                        "model": "tooltrims:item/trims/bow_tracks_gold"
                    },
                    "on_true": {
                        "type": "minecraft:range_dispatch",
                        "property": "minecraft:use_duration",
                        "scale": 0.05,
                        "fallback": {
                            "type": "minecraft:model",
                            "model": "tooltrims:item/trims/bow_tracks_gold"
                        },
                        "entries": [
                            {
                                "threshold": 0.0,
                                "model": {
                                    "type": "minecraft:model",
                                    "model": "tooltrims:item/trims/bow_pulling_0_tracks_gold"
                                }
                            },
                            {
                                "threshold": 0.65,
                                "model": {
                                    "type": "minecraft:model",
                                    "model": "tooltrims:item/trims/bow_pulling_1_tracks_gold"
                                }
                            },
                            {
                                "threshold": 0.9,
                                "model": {
                                    "type": "minecraft:model",
                                    "model": "tooltrims:item/trims/bow_pulling_2_tracks_gold"
                                }
                            }
                        ]
                    }
                }
            },
            {
                "threshold": 311016,
                "model": {
                    "type": "minecraft:condition",
                    "property": "minecraft:using_item",
                    "on_false": {
                        "type": "minecraft:model",
                        "model": "tooltrims:item/trims/bow_tracks_iron"
                    },
                    "on_true": {
                        "type": "minecraft:range_dispatch",
                        "property": "minecraft:use_duration",
                        "scale": 0.05,
                        "fallback": {
                            "type": "minecraft:model",
                            "model": "tooltrims:item/trims/bow_tracks_iron"
                        },
                        "entries": [
                            {
                                "threshold": 0.0,
                                "model": {
                                    "type": "minecraft:model",
                                    "model": "tooltrims:item/trims/bow_pulling_0_tracks_iron"
                                }
                            },
                            {
                                "threshold": 0.65,
                                "model": {
                                    "type": "minecraft:model",
                                    "model": "tooltrims:item/trims/bow_pulling_1_tracks_iron"
                                }
                            },
                            {
                                "threshold": 0.9,
                                "model": {
                                    "type": "minecraft:model",
                                    "model": "tooltrims:item/trims/bow_pulling_2_tracks_iron"
                                }
                            }
                        ]
                    }
                }
            },
            {
                "threshold": 311017,
                "model": {
                    "type": "minecraft:condition",
                    "property": "minecraft:using_item",
                    "on_false": {
                        "type": "minecraft:model",
                        "model": "tooltrims:item/trims/bow_tracks_lapis"
                    },
                    "on_true": {
                        "type": "minecraft:range_dispatch",
                        "property": "minecraft:use_duration",
                        "scale": 0.05,
                        "fallback": {
                            "type": "minecraft:model",
                            "model": "tooltrims:item/trims/bow_tracks_lapis"
                        },
                        "entries": [
                            {
                                "threshold": 0.0,
                                "model": {
                                    "type": "minecraft:model",
                                    "model": "tooltrims:item/trims/bow_pulling_0_tracks_lapis"
                                }
                            },
                            {
                                "threshold": 0.65,
                                "model": {
                                    "type": "minecraft:model",
                                    "model": "tooltrims:item/trims/bow_pulling_1_tracks_lapis"
                                }
                            },
                            {
                                "threshold": 0.9,
                                "model": {
                                    "type": "minecraft:model",
                                    "model": "tooltrims:item/trims/bow_pulling_2_tracks_lapis"
                                }
                            }
                        ]
                    }
                }
            },
            {
                "threshold": 311018,
                "model": {
                    "type": "minecraft:condition",
                    "property": "minecraft:using_item",
                    "on_false": {
                        "type": "minecraft:model",
                        "model": "tooltrims:item/trims/bow_tracks_netherite"
                    },
                    "on_true": {
                        "type": "minecraft:range_dispatch",
                        "property": "minecraft:use_duration",
                        "scale": 0.05,
                        "fallback": {
                            "type": "minecraft:model",
                            "model": "tooltrims:item/trims/bow_tracks_netherite"
                        },
                        "entries": [
                            {
                                "threshold": 0.0,
                                "model": {
                                    "type": "minecraft:model",
                                    "model": "tooltrims:item/trims/bow_pulling_0_tracks_netherite"
                                }
                            },
                            {
                                "threshold": 0.65,
                                "model": {
                                    "type": "minecraft:model",
                                    "model": "tooltrims:item/trims/bow_pulling_1_tracks_netherite"
                                }
                            },
                            {
                                "threshold": 0.9,
                                "model": {
                                    "type": "minecraft:model",
                                    "model": "tooltrims:item/trims/bow_pulling_2_tracks_netherite"
                                }
                            }
                        ]
                    }
                }
            },
            {
                "threshold": 311019,
                "model": {
                    "type": "minecraft:condition",
                    "property": "minecraft:using_item",
                    "on_false": {
                        "type": "minecraft:model",
                        "model": "tooltrims:item/trims/bow_tracks_quartz"
                    },
                    "on_true": {
                        "type": "minecraft:range_dispatch",
                        "property": "minecraft:use_duration",
                        "scale": 0.05,
                        "fallback": {
                            "type": "minecraft:model",
                            "model": "tooltrims:item/trims/bow_tracks_quartz"
                        },
                        "entries": [
                            {
                                "threshold": 0.0,
                                "model": {
                                    "type": "minecraft:model",
                                    "model": "tooltrims:item/trims/bow_pulling_0_tracks_quartz"
                                }
                            },
                            {
                                "threshold": 0.65,
                                "model": {
                                    "type": "minecraft:model",
                                    "model": "tooltrims:item/trims/bow_pulling_1_tracks_quartz"
                                }
                            },
                            {
                                "threshold": 0.9,
                                "model": {
                                    "type": "minecraft:model",
                                    "model": "tooltrims:item/trims/bow_pulling_2_tracks_quartz"
                                }
                            }
                        ]
                    }
                }
            },
            {
                "threshold": 311020,
                "model": {
                    "type": "minecraft:condition",
                    "property": "minecraft:using_item",
                    "on_false": {
                        "type": "minecraft:model",
                        "model": "tooltrims:item/trims/bow_tracks_redstone"
                    },
                    "on_true": {
                        "type": "minecraft:range_dispatch",
                        "property": "minecraft:use_duration",
                        "scale": 0.05,
                        "fallback": {
                            "type": "minecraft:model",
                            "model": "tooltrims:item/trims/bow_tracks_redstone"
                        },
                        "entries": [
                            {
                                "threshold": 0.0,
                                "model": {
                                    "type": "minecraft:model",
                                    "model": "tooltrims:item/trims/bow_pulling_0_tracks_redstone"
                                }
                            },
                            {
                                "threshold": 0.65,
                                "model": {
                                    "type": "minecraft:model",
                                    "model": "tooltrims:item/trims/bow_pulling_1_tracks_redstone"
                                }
                            },
                            {
                                "threshold": 0.9,
                                "model": {
                                    "type": "minecraft:model",
                                    "model": "tooltrims:item/trims/bow_pulling_2_tracks_redstone"
                                }
                            }
                        ]
                    }
                }
            },
            {
                "threshold": 311021,
                "model": {
                    "type": "minecraft:condition",
                    "property": "minecraft:using_item",
                    "on_false": {
                        "type": "minecraft:model",
                        "model": "tooltrims:item/trims/bow_charge_amethyst"
                    },
                    "on_true": {
                        "type": "minecraft:range_dispatch",
                        "property": "minecraft:use_duration",
                        "scale": 0.05,
                        "fallback": {
                            "type": "minecraft:model",
                            "model": "tooltrims:item/trims/bow_charge_amethyst"
                        },
                        "entries": [
                            {
                                "threshold": 0.0,
                                "model": {
                                    "type": "minecraft:model",
                                    "model": "tooltrims:item/trims/bow_pulling_0_charge_amethyst"
                                }
                            },
                            {
                                "threshold": 0.65,
                                "model": {
                                    "type": "minecraft:model",
                                    "model": "tooltrims:item/trims/bow_pulling_1_charge_amethyst"
                                }
                            },
                            {
                                "threshold": 0.9,
                                "model": {
                                    "type": "minecraft:model",
                                    "model": "tooltrims:item/trims/bow_pulling_2_charge_amethyst"
                                }
                            }
                        ]
                    }
                }
            },
            {
                "threshold": 311022,
                "model": {
                    "type": "minecraft:condition",
                    "property": "minecraft:using_item",
                    "on_false": {
                        "type": "minecraft:model",
                        "model": "tooltrims:item/trims/bow_charge_copper"
                    },
                    "on_true": {
                        "type": "minecraft:range_dispatch",
                        "property": "minecraft:use_duration",
                        "scale": 0.05,
                        "fallback": {
                            "type": "minecraft:model",
                            "model": "tooltrims:item/trims/bow_charge_copper"
                        },
                        "entries": [
                            {
                                "threshold": 0.0,
                                "model": {
                                    "type": "minecraft:model",
                                    "model": "tooltrims:item/trims/bow_pulling_0_charge_copper"
                                }
                            },
                            {
                                "threshold": 0.65,
                                "model": {
                                    "type": "minecraft:model",
                                    "model": "tooltrims:item/trims/bow_pulling_1_charge_copper"
                                }
                            },
                            {
                                "threshold": 0.9,
                                "model": {
                                    "type": "minecraft:model",
                                    "model": "tooltrims:item/trims/bow_pulling_2_charge_copper"
                                }
                            }
                        ]
                    }
                }
            },
            {
                "threshold": 311023,
                "model": {
                    "type": "minecraft:condition",
                    "property": "minecraft:using_item",
                    "on_false": {
                        "type": "minecraft:model",
                        "model": "tooltrims:item/trims/bow_charge_diamond"
                    },
                    "on_true": {
                        "type": "minecraft:range_dispatch",
                        "property": "minecraft:use_duration",
                        "scale": 0.05,
                        "fallback": {
                            "type": "minecraft:model",
                            "model": "tooltrims:item/trims/bow_charge_diamond"
                        },
                        "entries": [
                            {
                                "threshold": 0.0,
                                "model": {
                                    "type": "minecraft:model",
                                    "model": "tooltrims:item/trims/bow_pulling_0_charge_diamond"
                                }
                            },
                            {
                                "threshold": 0.65,
                                "model": {
                                    "type": "minecraft:model",
                                    "model": "tooltrims:item/trims/bow_pulling_1_charge_diamond"
                                }
                            },
                            {
                                "threshold": 0.9,
                                "model": {
                                    "type": "minecraft:model",
                                    "model": "tooltrims:item/trims/bow_pulling_2_charge_diamond"
                                }
                            }
                        ]
                    }
                }
            },
            {
                "threshold": 311024,
                "model": {
                    "type": "minecraft:condition",
                    "property": "minecraft:using_item",
                    "on_false": {
                        "type": "minecraft:model",
                        "model": "tooltrims:item/trims/bow_charge_emerald"
                    },
                    "on_true": {
                        "type": "minecraft:range_dispatch",
                        "property": "minecraft:use_duration",
                        "scale": 0.05,
                        "fallback": {
                            "type": "minecraft:model",
                            "model": "tooltrims:item/trims/bow_charge_emerald"
                        },
                        "entries": [
                            {
                                "threshold": 0.0,
                                "model": {
                                    "type": "minecraft:model",
                                    "model": "tooltrims:item/trims/bow_pulling_0_charge_emerald"
                                }
                            },
                            {
                                "threshold": 0.65,
                                "model": {
                                    "type": "minecraft:model",
                                    "model": "tooltrims:item/trims/bow_pulling_1_charge_emerald"
                                }
                            },
                            {
                                "threshold": 0.9,
                                "model": {
                                    "type": "minecraft:model",
                                    "model": "tooltrims:item/trims/bow_pulling_2_charge_emerald"
                                }
                            }
                        ]
                    }
                }
            },
            {
                "threshold": 311025,
                "model": {
                    "type": "minecraft:condition",
                    "property": "minecraft:using_item",
                    "on_false": {
                        "type": "minecraft:model",
                        "model": "tooltrims:item/trims/bow_charge_gold"
                    },
                    "on_true": {
                        "type": "minecraft:range_dispatch",
                        "property": "minecraft:use_duration",
                        "scale": 0.05,
                        "fallback": {
                            "type": "minecraft:model",
                            "model": "tooltrims:item/trims/bow_charge_gold"
                        },
                        "entries": [
                            {
                                "threshold": 0.0,
                                "model": {
                                    "type": "minecraft:model",
                                    "model": "tooltrims:item/trims/bow_pulling_0_charge_gold"
                                }
                            },
                            {
                                "threshold": 0.65,
                                "model": {
                                    "type": "minecraft:model",
                                    "model": "tooltrims:item/trims/bow_pulling_1_charge_gold"
                                }
                            },
                            {
                                "threshold": 0.9,
                                "model": {
                                    "type": "minecraft:model",
                                    "model": "tooltrims:item/trims/bow_pulling_2_charge_gold"
                                }
                            }
                        ]
                    }
                }
            },
            {
                "threshold": 311026,
                "model": {
                    "type": "minecraft:condition",
                    "property": "minecraft:using_item",
                    "on_false": {
                        "type": "minecraft:model",
                        "model": "tooltrims:item/trims/bow_charge_iron"
                    },
                    "on_true": {
                        "type": "minecraft:range_dispatch",
                        "property": "minecraft:use_duration",
                        "scale": 0.05,
                        "fallback": {
                            "type": "minecraft:model",
                            "model": "tooltrims:item/trims/bow_charge_iron"
                        },
                        "entries": [
                            {
                                "threshold": 0.0,
                                "model": {
                                    "type": "minecraft:model",
                                    "model": "tooltrims:item/trims/bow_pulling_0_charge_iron"
                                }
                            },
                            {
                                "threshold": 0.65,
                                "model": {
                                    "type": "minecraft:model",
                                    "model": "tooltrims:item/trims/bow_pulling_1_charge_iron"
                                }
                            },
                            {
                                "threshold": 0.9,
                                "model": {
                                    "type": "minecraft:model",
                                    "model": "tooltrims:item/trims/bow_pulling_2_charge_iron"
                                }
                            }
                        ]
                    }
                }
            },
            {
                "threshold": 311027,
                "model": {
                    "type": "minecraft:condition",
                    "property": "minecraft:using_item",
                    "on_false": {
                        "type": "minecraft:model",
                        "model": "tooltrims:item/trims/bow_charge_lapis"
                    },
                    "on_true": {
                        "type": "minecraft:range_dispatch",
                        "property": "minecraft:use_duration",
                        "scale": 0.05,
                        "fallback": {
                            "type": "minecraft:model",
                            "model": "tooltrims:item/trims/bow_charge_lapis"
                        },
                        "entries": [
                            {
                                "threshold": 0.0,
                                "model": {
                                    "type": "minecraft:model",
                                    "model": "tooltrims:item/trims/bow_pulling_0_charge_lapis"
                                }
                            },
                            {
                                "threshold": 0.65,
                                "model": {
                                    "type": "minecraft:model",
                                    "model": "tooltrims:item/trims/bow_pulling_1_charge_lapis"
                                }
                            },
                            {
                                "threshold": 0.9,
                                "model": {
                                    "type": "minecraft:model",
                                    "model": "tooltrims:item/trims/bow_pulling_2_charge_lapis"
                                }
                            }
                        ]
                    }
                }
            },
            {
                "threshold": 311028,
                "model": {
                    "type": "minecraft:condition",
                    "property": "minecraft:using_item",
                    "on_false": {
                        "type": "minecraft:model",
                        "model": "tooltrims:item/trims/bow_charge_netherite"
                    },
                    "on_true": {
                        "type": "minecraft:range_dispatch",
                        "property": "minecraft:use_duration",
                        "scale": 0.05,
                        "fallback": {
                            "type": "minecraft:model",
                            "model": "tooltrims:item/trims/bow_charge_netherite"
                        },
                        "entries": [
                            {
                                "threshold": 0.0,
                                "model": {
                                    "type": "minecraft:model",
                                    "model": "tooltrims:item/trims/bow_pulling_0_charge_netherite"
                                }
                            },
                            {
                                "threshold": 0.65,
                                "model": {
                                    "type": "minecraft:model",
                                    "model": "tooltrims:item/trims/bow_pulling_1_charge_netherite"
                                }
                            },
                            {
                                "threshold": 0.9,
                                "model": {
                                    "type": "minecraft:model",
                                    "model": "tooltrims:item/trims/bow_pulling_2_charge_netherite"
                                }
                            }
                        ]
                    }
                }
            },
            {
                "threshold": 311029,
                "model": {
                    "type": "minecraft:condition",
                    "property": "minecraft:using_item",
                    "on_false": {
                        "type": "minecraft:model",
                        "model": "tooltrims:item/trims/bow_charge_quartz"
                    },
                    "on_true": {
                        "type": "minecraft:range_dispatch",
                        "property": "minecraft:use_duration",
                        "scale": 0.05,
                        "fallback": {
                            "type": "minecraft:model",
                            "model": "tooltrims:item/trims/bow_charge_quartz"
                        },
                        "entries": [
                            {
                                "threshold": 0.0,
                                "model": {
                                    "type": "minecraft:model",
                                    "model": "tooltrims:item/trims/bow_pulling_0_charge_quartz"
                                }
                            },
                            {
                                "threshold": 0.65,
                                "model": {
                                    "type": "minecraft:model",
                                    "model": "tooltrims:item/trims/bow_pulling_1_charge_quartz"
                                }
                            },
                            {
                                "threshold": 0.9,
                                "model": {
                                    "type": "minecraft:model",
                                    "model": "tooltrims:item/trims/bow_pulling_2_charge_quartz"
                                }
                            }
                        ]
                    }
                }
            },
            {
                "threshold": 311030,
                "model": {
                    "type": "minecraft:condition",
                    "property": "minecraft:using_item",
                    "on_false": {
                        "type": "minecraft:model",
                        "model": "tooltrims:item/trims/bow_charge_redstone"
                    },
                    "on_true": {
                        "type": "minecraft:range_dispatch",
                        "property": "minecraft:use_duration",
                        "scale": 0.05,
                        "fallback": {
                            "type": "minecraft:model",
                            "model": "tooltrims:item/trims/bow_charge_redstone"
                        },
                        "entries": [
                            {
                                "threshold": 0.0,
                                "model": {
                                    "type": "minecraft:model",
                                    "model": "tooltrims:item/trims/bow_pulling_0_charge_redstone"
                                }
                            },
                            {
                                "threshold": 0.65,
                                "model": {
                                    "type": "minecraft:model",
                                    "model": "tooltrims:item/trims/bow_pulling_1_charge_redstone"
                                }
                            },
                            {
                                "threshold": 0.9,
                                "model": {
                                    "type": "minecraft:model",
                                    "model": "tooltrims:item/trims/bow_pulling_2_charge_redstone"
                                }
                            }
                        ]
                    }
                }
            },
            {
                "threshold": 311031,
                "model": {
                    "type": "minecraft:condition",
                    "property": "minecraft:using_item",
                    "on_false": {
                        "type": "minecraft:model",
                        "model": "tooltrims:item/trims/bow_frost_amethyst"
                    },
                    "on_true": {
                        "type": "minecraft:range_dispatch",
                        "property": "minecraft:use_duration",
                        "scale": 0.05,
                        "fallback": {
                            "type": "minecraft:model",
                            "model": "tooltrims:item/trims/bow_frost_amethyst"
                        },
                        "entries": [
                            {
                                "threshold": 0.0,
                                "model": {
                                    "type": "minecraft:model",
                                    "model": "tooltrims:item/trims/bow_pulling_0_frost_amethyst"
                                }
                            },
                            {
                                "threshold": 0.65,
                                "model": {
                                    "type": "minecraft:model",
                                    "model": "tooltrims:item/trims/bow_pulling_1_frost_amethyst"
                                }
                            },
                            {
                                "threshold": 0.9,
                                "model": {
                                    "type": "minecraft:model",
                                    "model": "tooltrims:item/trims/bow_pulling_2_frost_amethyst"
                                }
                            }
                        ]
                    }
                }
            },
            {
                "threshold": 311032,
                "model": {
                    "type": "minecraft:condition",
                    "property": "minecraft:using_item",
                    "on_false": {
                        "type": "minecraft:model",
                        "model": "tooltrims:item/trims/bow_frost_copper"
                    },
                    "on_true": {
                        "type": "minecraft:range_dispatch",
                        "property": "minecraft:use_duration",
                        "scale": 0.05,
                        "fallback": {
                            "type": "minecraft:model",
                            "model": "tooltrims:item/trims/bow_frost_copper"
                        },
                        "entries": [
                            {
                                "threshold": 0.0,
                                "model": {
                                    "type": "minecraft:model",
                                    "model": "tooltrims:item/trims/bow_pulling_0_frost_copper"
                                }
                            },
                            {
                                "threshold": 0.65,
                                "model": {
                                    "type": "minecraft:model",
                                    "model": "tooltrims:item/trims/bow_pulling_1_frost_copper"
                                }
                            },
                            {
                                "threshold": 0.9,
                                "model": {
                                    "type": "minecraft:model",
                                    "model": "tooltrims:item/trims/bow_pulling_2_frost_copper"
                                }
                            }
                        ]
                    }
                }
            },
            {
                "threshold": 311033,
                "model": {
                    "type": "minecraft:condition",
                    "property": "minecraft:using_item",
                    "on_false": {
                        "type": "minecraft:model",
                        "model": "tooltrims:item/trims/bow_frost_diamond"
                    },
                    "on_true": {
                        "type": "minecraft:range_dispatch",
                        "property": "minecraft:use_duration",
                        "scale": 0.05,
                        "fallback": {
                            "type": "minecraft:model",
                            "model": "tooltrims:item/trims/bow_frost_diamond"
                        },
                        "entries": [
                            {
                                "threshold": 0.0,
                                "model": {
                                    "type": "minecraft:model",
                                    "model": "tooltrims:item/trims/bow_pulling_0_frost_diamond"
                                }
                            },
                            {
                                "threshold": 0.65,
                                "model": {
                                    "type": "minecraft:model",
                                    "model": "tooltrims:item/trims/bow_pulling_1_frost_diamond"
                                }
                            },
                            {
                                "threshold": 0.9,
                                "model": {
                                    "type": "minecraft:model",
                                    "model": "tooltrims:item/trims/bow_pulling_2_frost_diamond"
                                }
                            }
                        ]
                    }
                }
            },
            {
                "threshold": 311034,
                "model": {
                    "type": "minecraft:condition",
                    "property": "minecraft:using_item",
                    "on_false": {
                        "type": "minecraft:model",
                        "model": "tooltrims:item/trims/bow_frost_emerald"
                    },
                    "on_true": {
                        "type": "minecraft:range_dispatch",
                        "property": "minecraft:use_duration",
                        "scale": 0.05,
                        "fallback": {
                            "type": "minecraft:model",
                            "model": "tooltrims:item/trims/bow_frost_emerald"
                        },
                        "entries": [
                            {
                                "threshold": 0.0,
                                "model": {
                                    "type": "minecraft:model",
                                    "model": "tooltrims:item/trims/bow_pulling_0_frost_emerald"
                                }
                            },
                            {
                                "threshold": 0.65,
                                "model": {
                                    "type": "minecraft:model",
                                    "model": "tooltrims:item/trims/bow_pulling_1_frost_emerald"
                                }
                            },
                            {
                                "threshold": 0.9,
                                "model": {
                                    "type": "minecraft:model",
                                    "model": "tooltrims:item/trims/bow_pulling_2_frost_emerald"
                                }
                            }
                        ]
                    }
                }
            },
            {
                "threshold": 311035,
                "model": {
                    "type": "minecraft:condition",
                    "property": "minecraft:using_item",
                    "on_false": {
                        "type": "minecraft:model",
                        "model": "tooltrims:item/trims/bow_frost_gold"
                    },
                    "on_true": {
                        "type": "minecraft:range_dispatch",
                        "property": "minecraft:use_duration",
                        "scale": 0.05,
                        "fallback": {
                            "type": "minecraft:model",
                            "model": "tooltrims:item/trims/bow_frost_gold"
                        },
                        "entries": [
                            {
                                "threshold": 0.0,
                                "model": {
                                    "type": "minecraft:model",
                                    "model": "tooltrims:item/trims/bow_pulling_0_frost_gold"
                                }
                            },
                            {
                                "threshold": 0.65,
                                "model": {
                                    "type": "minecraft:model",
                                    "model": "tooltrims:item/trims/bow_pulling_1_frost_gold"
                                }
                            },
                            {
                                "threshold": 0.9,
                                "model": {
                                    "type": "minecraft:model",
                                    "model": "tooltrims:item/trims/bow_pulling_2_frost_gold"
                                }
                            }
                        ]
                    }
                }
            },
            {
                "threshold": 311036,
                "model": {
                    "type": "minecraft:condition",
                    "property": "minecraft:using_item",
                    "on_false": {
                        "type": "minecraft:model",
                        "model": "tooltrims:item/trims/bow_frost_iron"
                    },
                    "on_true": {
                        "type": "minecraft:range_dispatch",
                        "property": "minecraft:use_duration",
                        "scale": 0.05,
                        "fallback": {
                            "type": "minecraft:model",
                            "model": "tooltrims:item/trims/bow_frost_iron"
                        },
                        "entries": [
                            {
                                "threshold": 0.0,
                                "model": {
                                    "type": "minecraft:model",
                                    "model": "tooltrims:item/trims/bow_pulling_0_frost_iron"
                                }
                            },
                            {
                                "threshold": 0.65,
                                "model": {
                                    "type": "minecraft:model",
                                    "model": "tooltrims:item/trims/bow_pulling_1_frost_iron"
                                }
                            },
                            {
                                "threshold": 0.9,
                                "model": {
                                    "type": "minecraft:model",
                                    "model": "tooltrims:item/trims/bow_pulling_2_frost_iron"
                                }
                            }
                        ]
                    }
                }
            },
            {
                "threshold": 311037,
                "model": {
                    "type": "minecraft:condition",
                    "property": "minecraft:using_item",
                    "on_false": {
                        "type": "minecraft:model",
                        "model": "tooltrims:item/trims/bow_frost_lapis"
                    },
                    "on_true": {
                        "type": "minecraft:range_dispatch",
                        "property": "minecraft:use_duration",
                        "scale": 0.05,
                        "fallback": {
                            "type": "minecraft:model",
                            "model": "tooltrims:item/trims/bow_frost_lapis"
                        },
                        "entries": [
                            {
                                "threshold": 0.0,
                                "model": {
                                    "type": "minecraft:model",
                                    "model": "tooltrims:item/trims/bow_pulling_0_frost_lapis"
                                }
                            },
                            {
                                "threshold": 0.65,
                                "model": {
                                    "type": "minecraft:model",
                                    "model": "tooltrims:item/trims/bow_pulling_1_frost_lapis"
                                }
                            },
                            {
                                "threshold": 0.9,
                                "model": {
                                    "type": "minecraft:model",
                                    "model": "tooltrims:item/trims/bow_pulling_2_frost_lapis"
                                }
                            }
                        ]
                    }
                }
            },
            {
                "threshold": 311038,
                "model": {
                    "type": "minecraft:condition",
                    "property": "minecraft:using_item",
                    "on_false": {
                        "type": "minecraft:model",
                        "model": "tooltrims:item/trims/bow_frost_netherite"
                    },
                    "on_true": {
                        "type": "minecraft:range_dispatch",
                        "property": "minecraft:use_duration",
                        "scale": 0.05,
                        "fallback": {
                            "type": "minecraft:model",
                            "model": "tooltrims:item/trims/bow_frost_netherite"
                        },
                        "entries": [
                            {
                                "threshold": 0.0,
                                "model": {
                                    "type": "minecraft:model",
                                    "model": "tooltrims:item/trims/bow_pulling_0_frost_netherite"
                                }
                            },
                            {
                                "threshold": 0.65,
                                "model": {
                                    "type": "minecraft:model",
                                    "model": "tooltrims:item/trims/bow_pulling_1_frost_netherite"
                                }
                            },
                            {
                                "threshold": 0.9,
                                "model": {
                                    "type": "minecraft:model",
                                    "model": "tooltrims:item/trims/bow_pulling_2_frost_netherite"
                                }
                            }
                        ]
                    }
                }
            },
            {
                "threshold": 311039,
                "model": {
                    "type": "minecraft:condition",
                    "property": "minecraft:using_item",
                    "on_false": {
                        "type": "minecraft:model",
                        "model": "tooltrims:item/trims/bow_frost_quartz"
                    },
                    "on_true": {
                        "type": "minecraft:range_dispatch",
                        "property": "minecraft:use_duration",
                        "scale": 0.05,
                        "fallback": {
                            "type": "minecraft:model",
                            "model": "tooltrims:item/trims/bow_frost_quartz"
                        },
                        "entries": [
                            {
                                "threshold": 0.0,
                                "model": {
                                    "type": "minecraft:model",
                                    "model": "tooltrims:item/trims/bow_pulling_0_frost_quartz"
                                }
                            },
                            {
                                "threshold": 0.65,
                                "model": {
                                    "type": "minecraft:model",
                                    "model": "tooltrims:item/trims/bow_pulling_1_frost_quartz"
                                }
                            },
                            {
                                "threshold": 0.9,
                                "model": {
                                    "type": "minecraft:model",
                                    "model": "tooltrims:item/trims/bow_pulling_2_frost_quartz"
                                }
                            }
                        ]
                    }
                }
            },
            {
                "threshold": 311040,
                "model": {
                    "type": "minecraft:condition",
                    "property": "minecraft:using_item",
                    "on_false": {
                        "type": "minecraft:model",
                        "model": "tooltrims:item/trims/bow_frost_redstone"
                    },
                    "on_true": {
                        "type": "minecraft:range_dispatch",
                        "property": "minecraft:use_duration",
                        "scale": 0.05,
                        "fallback": {
                            "type": "minecraft:model",
                            "model": "tooltrims:item/trims/bow_frost_redstone"
                        },
                        "entries": [
                            {
                                "threshold": 0.0,
                                "model": {
                                    "type": "minecraft:model",
                                    "model": "tooltrims:item/trims/bow_pulling_0_frost_redstone"
                                }
                            },
                            {
                                "threshold": 0.65,
                                "model": {
                                    "type": "minecraft:model",
                                    "model": "tooltrims:item/trims/bow_pulling_1_frost_redstone"
                                }
                            },
                            {
                                "threshold": 0.9,
                                "model": {
                                    "type": "minecraft:model",
                                    "model": "tooltrims:item/trims/bow_pulling_2_frost_redstone"
                                }
                            }
                        ]
                    }
                }
            }
        ]
    },
    "display": {
        "thirdperson_righthand": {
            "rotation": [
                -80,
                260,
                -40
            ],
            "translation": [
                -1,
                -2,
                2.5
            ],
            "scale": [
                0.9,
                0.9,
                0.9
            ]
        },
        "thirdperson_lefthand": {
            "rotation": [
                -80,
                -280,
                40
            ],
            "translation": [
                -1,
                -2,
                2.5
            ],
            "scale": [
                0.9,
                0.9,
                0.9
            ]
        },
        "firstperson_righthand": {
            "rotation": [
                0,
                -90,
                25
            ],
            "translation": [
                1.13,
                3.2,
                1.13
            ],
            "scale": [
                0.68,
                0.68,
                0.68
            ]
        },
        "firstperson_lefthand": {
            "rotation": [
                0,
                90,
                -25
            ],
            "translation": [
                1.13,
                3.2,
                1.13
            ],
            "scale": [
                0.68,
                0.68,
                0.68
            ]
        }
    }
}