{
    "model": {
        "type": "range_dispatch",
        "property": "custom_model_data",
        "fallback": {
            "type": "model",
            "model": "minecraft:item/iron_sword"
        },
        "entries": [
            {
                "threshold": 311001,
                "model": {
                    "type": "model",
                    "model": "tooltrims:item/trims/iron_sword_linear_amethyst"
                }
            },
            {
                "threshold": 311002,
                "model": {
                    "type": "model",
                    "model": "tooltrims:item/trims/iron_sword_linear_copper"
                }
            },
            {
                "threshold": 311003,
                "model": {
                    "type": "model",
                    "model": "tooltrims:item/trims/iron_sword_linear_diamond"
                }
            },
            {
                "threshold": 311004,
                "model": {
                    "type": "model",
                    "model": "tooltrims:item/trims/iron_sword_linear_emerald"
                }
            },
            {
                "threshold": 311005,
                "model": {
                    "type": "model",
                    "model": "tooltrims:item/trims/iron_sword_linear_gold"
                }
            },
            {
                "threshold": 311006,
                "model": {
                    "type": "model",
                    "model": "tooltrims:item/trims/iron_sword_linear_iron"
                }
            },
            {
                "threshold": 311007,
                "model": {
                    "type": "model",
                    "model": "tooltrims:item/trims/iron_sword_linear_lapis"
                }
            },
            {
                "threshold": 311008,
                "model": {
                    "type": "model",
                    "model": "tooltrims:item/trims/iron_sword_linear_netherite"
                }
            },
            {
                "threshold": 311009,
                "model": {
                    "type": "model",
                    "model": "tooltrims:item/trims/iron_sword_linear_quartz"
                }
            },
            {
                "threshold": 311010,
                "model": {
                    "type": "model",
                    "model": "tooltrims:item/trims/iron_sword_linear_redstone"
                }
            },
            {
                "threshold": 311011,
                "model": {
                    "type": "model",
                    "model": "tooltrims:item/trims/iron_sword_tracks_amethyst"
                }
            },
            {
                "threshold": 311012,
                "model": {
                    "type": "model",
                    "model": "tooltrims:item/trims/iron_sword_tracks_copper"
                }
            },
            {
                "threshold": 311013,
                "model": {
                    "type": "model",
                    "model": "tooltrims:item/trims/iron_sword_tracks_diamond"
                }
            },
            {
                "threshold": 311014,
                "model": {
                    "type": "model",
                    "model": "tooltrims:item/trims/iron_sword_tracks_emerald"
                }
            },
            {
                "threshold": 311015,
                "model": {
                    "type": "model",
                    "model": "tooltrims:item/trims/iron_sword_tracks_gold"
                }
            },
            {
                "threshold": 311016,
                "model": {
                    "type": "model",
                    "model": "tooltrims:item/trims/iron_sword_tracks_iron"
                }
            },
            {
                "threshold": 311017,
                "model": {
                    "type": "model",
                    "model": "tooltrims:item/trims/iron_sword_tracks_lapis"
                }
            },
            {
                "threshold": 311018,
                "model": {
                    "type": "model",
                    "model": "tooltrims:item/trims/iron_sword_tracks_netherite"
                }
            },
            {
                "threshold": 311019,
                "model": {
                    "type": "model",
                    "model": "tooltrims:item/trims/iron_sword_tracks_quartz"
                }
            },
            {
                "threshold": 311020,
                "model": {
                    "type": "model",
                    "model": "tooltrims:item/trims/iron_sword_tracks_redstone"
                }
            },
            {
                "threshold": 311021,
                "model": {
                    "type": "model",
                    "model": "tooltrims:item/trims/iron_sword_charge_amethyst"
                }
            },
            {
                "threshold": 311022,
                "model": {
                    "type": "model",
                    "model": "tooltrims:item/trims/iron_sword_charge_copper"
                }
            },
            {
                "threshold": 311023,
                "model": {
                    "type": "model",
                    "model": "tooltrims:item/trims/iron_sword_charge_diamond"
                }
            },
            {
                "threshold": 311024,
                "model": {
                    "type": "model",
                    "model": "tooltrims:item/trims/iron_sword_charge_emerald"
                }
            },
            {
                "threshold": 311025,
                "model": {
                    "type": "model",
                    "model": "tooltrims:item/trims/iron_sword_charge_gold"
                }
            },
            {
                "threshold": 311026,
                "model": {
                    "type": "model",
                    "model": "tooltrims:item/trims/iron_sword_charge_iron"
                }
            },
            {
                "threshold": 311027,
                "model": {
                    "type": "model",
                    "model": "tooltrims:item/trims/iron_sword_charge_lapis"
                }
            },
            {
                "threshold": 311028,
                "model": {
                    "type": "model",
                    "model": "tooltrims:item/trims/iron_sword_charge_netherite"
                }
            },
            {
                "threshold": 311029,
                "model": {
                    "type": "model",
                    "model": "tooltrims:item/trims/iron_sword_charge_quartz"
                }
            },
            {
                "threshold": 311030,
                "model": {
                    "type": "model",
                    "model": "tooltrims:item/trims/iron_sword_charge_redstone"
                }
            },
            {
                "threshold": 311031,
                "model": {
                    "type": "model",
                    "model": "tooltrims:item/trims/iron_sword_frost_amethyst"
                }
            },
            {
                "threshold": 311032,
                "model": {
                    "type": "model",
                    "model": "tooltrims:item/trims/iron_sword_frost_copper"
                }
            },
            {
                "threshold": 311033,
                "model": {
                    "type": "model",
                    "model": "tooltrims:item/trims/iron_sword_frost_diamond"
                }
            },
            {
                "threshold": 311034,
                "model": {
                    "type": "model",
                    "model": "tooltrims:item/trims/iron_sword_frost_emerald"
                }
            },
            {
                "threshold": 311035,
                "model": {
                    "type": "model",
                    "model": "tooltrims:item/trims/iron_sword_frost_gold"
                }
            },
            {
                "threshold": 311036,
                "model": {
                    "type": "model",
                    "model": "tooltrims:item/trims/iron_sword_frost_iron"
                }
            },
            {
                "threshold": 311037,
                "model": {
                    "type": "model",
                    "model": "tooltrims:item/trims/iron_sword_frost_lapis"
                }
            },
            {
                "threshold": 311038,
                "model": {
                    "type": "model",
                    "model": "tooltrims:item/trims/iron_sword_frost_netherite"
                }
            },
            {
                "threshold": 311039,
                "model": {
                    "type": "model",
                    "model": "tooltrims:item/trims/iron_sword_frost_quartz"
                }
            },
            {
                "threshold": 311040,
                "model": {
                    "type": "model",
                    "model": "tooltrims:item/trims/iron_sword_frost_redstone"
                }
            }
        ]
    }
}