{
	"model": {
		"type": "select",
		"property": "custom_model_data",
		"fallback": {
			"type": "model",
			"model": "item/iron_axe"
		},
		"cases": [
			{
				"when": "dontuse",
				"model": {
					"type": "model",
					"model": "item/dontuse"
				}
			},
			{
				"when": "iron_axe_linear_amethyst",
				"model": {
					"type": "model",
					"model": "tooltrims:item/trims/iron_axe_linear_amethyst"
				}
			},
			{
				"when": "iron_axe_tracks_amethyst",
				"model": {
					"type": "model",
					"model": "tooltrims:item/trims/iron_axe_tracks_amethyst"
				}
			},
			{
				"when": "iron_axe_charge_amethyst",
				"model": {
					"type": "model",
					"model": "tooltrims:item/trims/iron_axe_charge_amethyst"
				}
			},
			{
				"when": "iron_axe_frost_amethyst",
				"model": {
					"type": "model",
					"model": "tooltrims:item/trims/iron_axe_frost_amethyst"
				}
			},
			{
				"when": "iron_axe_linear_copper",
				"model": {
					"type": "model",
					"model": "tooltrims:item/trims/iron_axe_linear_copper"
				}
			},
			{
				"when": "iron_axe_tracks_copper",
				"model": {
					"type": "model",
					"model": "tooltrims:item/trims/iron_axe_tracks_copper"
				}
			},
			{
				"when": "iron_axe_charge_copper",
				"model": {
					"type": "model",
					"model": "tooltrims:item/trims/iron_axe_charge_copper"
				}
			},
			{
				"when": "iron_axe_frost_copper",
				"model": {
					"type": "model",
					"model": "tooltrims:item/trims/iron_axe_frost_copper"
				}
			},
			{
				"when": "iron_axe_linear_diamond",
				"model": {
					"type": "model",
					"model": "tooltrims:item/trims/iron_axe_linear_diamond"
				}
			},
			{
				"when": "iron_axe_tracks_diamond",
				"model": {
					"type": "model",
					"model": "tooltrims:item/trims/iron_axe_tracks_diamond"
				}
			},
			{
				"when": "iron_axe_charge_diamond",
				"model": {
					"type": "model",
					"model": "tooltrims:item/trims/iron_axe_charge_diamond"
				}
			},
			{
				"when": "iron_axe_frost_diamond",
				"model": {
					"type": "model",
					"model": "tooltrims:item/trims/iron_axe_frost_diamond"
				}
			},
			{
				"when": "iron_axe_linear_emerald",
				"model": {
					"type": "model",
					"model": "tooltrims:item/trims/iron_axe_linear_emerald"
				}
			},
			{
				"when": "iron_axe_tracks_emerald",
				"model": {
					"type": "model",
					"model": "tooltrims:item/trims/iron_axe_tracks_emerald"
				}
			},
			{
				"when": "iron_axe_charge_emerald",
				"model": {
					"type": "model",
					"model": "tooltrims:item/trims/iron_axe_charge_emerald"
				}
			},
			{
				"when": "iron_axe_frost_emerald",
				"model": {
					"type": "model",
					"model": "tooltrims:item/trims/iron_axe_frost_emerald"
				}
			},
			{
				"when": "iron_axe_linear_gold",
				"model": {
					"type": "model",
					"model": "tooltrims:item/trims/iron_axe_linear_gold"
				}
			},
			{
				"when": "iron_axe_tracks_gold",
				"model": {
					"type": "model",
					"model": "tooltrims:item/trims/iron_axe_tracks_gold"
				}
			},
			{
				"when": "iron_axe_charge_gold",
				"model": {
					"type": "model",
					"model": "tooltrims:item/trims/iron_axe_charge_gold"
				}
			},
			{
				"when": "iron_axe_frost_gold",
				"model": {
					"type": "model",
					"model": "tooltrims:item/trims/iron_axe_frost_gold"
				}
			},
			{
				"when": "iron_axe_linear_iron",
				"model": {
					"type": "model",
					"model": "tooltrims:item/trims/iron_axe_linear_iron"
				}
			},
			{
				"when": "iron_axe_tracks_iron",
				"model": {
					"type": "model",
					"model": "tooltrims:item/trims/iron_axe_tracks_iron"
				}
			},
			{
				"when": "iron_axe_charge_iron",
				"model": {
					"type": "model",
					"model": "tooltrims:item/trims/iron_axe_charge_iron"
				}
			},
			{
				"when": "iron_axe_frost_iron",
				"model": {
					"type": "model",
					"model": "tooltrims:item/trims/iron_axe_frost_iron"
				}
			},
			{
				"when": "iron_axe_linear_lapis",
				"model": {
					"type": "model",
					"model": "tooltrims:item/trims/iron_axe_linear_lapis"
				}
			},
			{
				"when": "iron_axe_tracks_lapis",
				"model": {
					"type": "model",
					"model": "tooltrims:item/trims/iron_axe_tracks_lapis"
				}
			},
			{
				"when": "iron_axe_charge_lapis",
				"model": {
					"type": "model",
					"model": "tooltrims:item/trims/iron_axe_charge_lapis"
				}
			},
			{
				"when": "iron_axe_frost_lapis",
				"model": {
					"type": "model",
					"model": "tooltrims:item/trims/iron_axe_frost_lapis"
				}
			},
			{
				"when": "iron_axe_linear_netherite",
				"model": {
					"type": "model",
					"model": "tooltrims:item/trims/iron_axe_linear_netherite"
				}
			},
			{
				"when": "iron_axe_tracks_netherite",
				"model": {
					"type": "model",
					"model": "tooltrims:item/trims/iron_axe_tracks_netherite"
				}
			},
			{
				"when": "iron_axe_charge_netherite",
				"model": {
					"type": "model",
					"model": "tooltrims:item/trims/iron_axe_charge_netherite"
				}
			},
			{
				"when": "iron_axe_frost_netherite",
				"model": {
					"type": "model",
					"model": "tooltrims:item/trims/iron_axe_frost_netherite"
				}
			},
			{
				"when": "iron_axe_linear_quartz",
				"model": {
					"type": "model",
					"model": "tooltrims:item/trims/iron_axe_linear_quartz"
				}
			},
			{
				"when": "iron_axe_tracks_quartz",
				"model": {
					"type": "model",
					"model": "tooltrims:item/trims/iron_axe_tracks_quartz"
				}
			},
			{
				"when": "iron_axe_charge_quartz",
				"model": {
					"type": "model",
					"model": "tooltrims:item/trims/iron_axe_charge_quartz"
				}
			},
			{
				"when": "iron_axe_frost_quartz",
				"model": {
					"type": "model",
					"model": "tooltrims:item/trims/iron_axe_frost_quartz"
				}
			},
			{
				"when": "iron_axe_linear_redstone",
				"model": {
					"type": "model",
					"model": "tooltrims:item/trims/iron_axe_linear_redstone"
				}
			},
			{
				"when": "iron_axe_tracks_redstone",
				"model": {
					"type": "model",
					"model": "tooltrims:item/trims/iron_axe_tracks_redstone"
				}
			},
			{
				"when": "iron_axe_charge_redstone",
				"model": {
					"type": "model",
					"model": "tooltrims:item/trims/iron_axe_charge_redstone"
				}
			},
			{
				"when": "iron_axe_frost_redstone",
				"model": {
					"type": "model",
					"model": "tooltrims:item/trims/iron_axe_frost_redstone"
				}
			},
			{
				"when": "iron_axe_linear_resin",
				"model": {
					"type": "model",
					"model": "tooltrims:item/trims/iron_axe_linear_resin"
				}
			},
			{
				"when": "iron_axe_tracks_resin",
				"model": {
					"type": "model",
					"model": "tooltrims:item/trims/iron_axe_tracks_resin"
				}
			},
			{
				"when": "iron_axe_charge_resin",
				"model": {
					"type": "model",
					"model": "tooltrims:item/trims/iron_axe_charge_resin"
				}
			},
			{
				"when": "iron_axe_frost_resin",
				"model": {
					"type": "model",
					"model": "tooltrims:item/trims/iron_axe_frost_resin"
				}
			},
			{
				"when": "endsword",
				"model": {
					"type": "model",
					"model": "customtools:item/trims/endsword"
				}
			},
			{
				"when": "scythe",
				"model": {
					"type": "model",
					"model": "customtools:item/trims/scythe"
				}
			}
		]
	}
}
