{
	"model": {
		"type": "select",
		"property": "custom_model_data",
		"fallback": {
			"type": "model",
			"model": "item/stone_shovel"
		},
		"cases": [
			{"when": "stone_shovel_linear_amethyst","model": {"type": "model","model": "tooltrims:item/trims/stone_shovel_linear_amethyst"}},
			{"when": "stone_shovel_tracks_amethyst","model": {"type": "model","model": "tooltrims:item/trims/stone_shovel_tracks_amethyst"}},
			{"when": "stone_shovel_charge_amethyst","model": {"type": "model","model": "tooltrims:item/trims/stone_shovel_charge_amethyst"}},
			{"when": "stone_shovel_frost_amethyst","model": {"type": "model","model": "tooltrims:item/trims/stone_shovel_frost_amethyst"}},
			{"when": "stone_shovel_linear_copper","model": {"type": "model","model": "tooltrims:item/trims/stone_shovel_linear_copper"}},
			{"when": "stone_shovel_tracks_copper","model": {"type": "model","model": "tooltrims:item/trims/stone_shovel_tracks_copper"}},
			{"when": "stone_shovel_charge_copper","model": {"type": "model","model": "tooltrims:item/trims/stone_shovel_charge_copper"}},
			{"when": "stone_shovel_frost_copper","model": {"type": "model","model": "tooltrims:item/trims/stone_shovel_frost_copper"}},
			{"when": "stone_shovel_linear_diamond","model": {"type": "model","model": "tooltrims:item/trims/stone_shovel_linear_diamond"}},
			{"when": "stone_shovel_tracks_diamond","model": {"type": "model","model": "tooltrims:item/trims/stone_shovel_tracks_diamond"}},
			{"when": "stone_shovel_charge_diamond","model": {"type": "model","model": "tooltrims:item/trims/stone_shovel_charge_diamond"}},
			{"when": "stone_shovel_frost_diamond","model": {"type": "model","model": "tooltrims:item/trims/stone_shovel_frost_diamond"}},
			{"when": "stone_shovel_linear_emerald","model": {"type": "model","model": "tooltrims:item/trims/stone_shovel_linear_emerald"}},
			{"when": "stone_shovel_tracks_emerald","model": {"type": "model","model": "tooltrims:item/trims/stone_shovel_tracks_emerald"}},
			{"when": "stone_shovel_charge_emerald","model": {"type": "model","model": "tooltrims:item/trims/stone_shovel_charge_emerald"}},
			{"when": "stone_shovel_frost_emerald","model": {"type": "model","model": "tooltrims:item/trims/stone_shovel_frost_emerald"}},
			{"when": "stone_shovel_linear_gold","model": {"type": "model","model": "tooltrims:item/trims/stone_shovel_linear_gold"}},
			{"when": "stone_shovel_tracks_gold","model": {"type": "model","model": "tooltrims:item/trims/stone_shovel_tracks_gold"}},
			{"when": "stone_shovel_charge_gold","model": {"type": "model","model": "tooltrims:item/trims/stone_shovel_charge_gold"}},
			{"when": "stone_shovel_frost_gold","model": {"type": "model","model": "tooltrims:item/trims/stone_shovel_frost_gold"}},
			{"when": "stone_shovel_linear_iron","model": {"type": "model","model": "tooltrims:item/trims/stone_shovel_linear_iron"}},
			{"when": "stone_shovel_tracks_iron","model": {"type": "model","model": "tooltrims:item/trims/stone_shovel_tracks_iron"}},
			{"when": "stone_shovel_charge_iron","model": {"type": "model","model": "tooltrims:item/trims/stone_shovel_charge_iron"}},
			{"when": "stone_shovel_frost_iron","model": {"type": "model","model": "tooltrims:item/trims/stone_shovel_frost_iron"}},
			{"when": "stone_shovel_linear_lapis","model": {"type": "model","model": "tooltrims:item/trims/stone_shovel_linear_lapis"}},
			{"when": "stone_shovel_tracks_lapis","model": {"type": "model","model": "tooltrims:item/trims/stone_shovel_tracks_lapis"}},
			{"when": "stone_shovel_charge_lapis","model": {"type": "model","model": "tooltrims:item/trims/stone_shovel_charge_lapis"}},
			{"when": "stone_shovel_frost_lapis","model": {"type": "model","model": "tooltrims:item/trims/stone_shovel_frost_lapis"}},
			{"when": "stone_shovel_linear_netherite","model": {"type": "model","model": "tooltrims:item/trims/stone_shovel_linear_netherite"}},
			{"when": "stone_shovel_tracks_netherite","model": {"type": "model","model": "tooltrims:item/trims/stone_shovel_tracks_netherite"}},
			{"when": "stone_shovel_charge_netherite","model": {"type": "model","model": "tooltrims:item/trims/stone_shovel_charge_netherite"}},
			{"when": "stone_shovel_frost_netherite","model": {"type": "model","model": "tooltrims:item/trims/stone_shovel_frost_netherite"}},
			{"when": "stone_shovel_linear_quartz","model": {"type": "model","model": "tooltrims:item/trims/stone_shovel_linear_quartz"}},
			{"when": "stone_shovel_tracks_quartz","model": {"type": "model","model": "tooltrims:item/trims/stone_shovel_tracks_quartz"}},
			{"when": "stone_shovel_charge_quartz","model": {"type": "model","model": "tooltrims:item/trims/stone_shovel_charge_quartz"}},
			{"when": "stone_shovel_frost_quartz","model": {"type": "model","model": "tooltrims:item/trims/stone_shovel_frost_quartz"}},
			{"when": "stone_shovel_linear_redstone","model": {"type": "model","model": "tooltrims:item/trims/stone_shovel_linear_redstone"}},
			{"when": "stone_shovel_tracks_redstone","model": {"type": "model","model": "tooltrims:item/trims/stone_shovel_tracks_redstone"}},
			{"when": "stone_shovel_charge_redstone","model": {"type": "model","model": "tooltrims:item/trims/stone_shovel_charge_redstone"}},
			{"when": "stone_shovel_frost_redstone","model": {"type": "model","model": "tooltrims:item/trims/stone_shovel_frost_redstone"}},
			{"when": "stone_shovel_linear_resin","model": {"type": "model","model": "tooltrims:item/trims/stone_shovel_linear_resin"}},
			{"when": "stone_shovel_tracks_resin","model": {"type": "model","model": "tooltrims:item/trims/stone_shovel_tracks_resin"}},
			{"when": "stone_shovel_charge_resin","model": {"type": "model","model": "tooltrims:item/trims/stone_shovel_charge_resin"}},
			{"when": "stone_shovel_frost_resin","model": {"type": "model","model": "tooltrims:item/trims/stone_shovel_frost_resin"}},
			{"when": "scythe","model": {"type": "model","model": "customtools:special/scythe"}},
			{"when": "endsword","model": {"type": "model","model": "customtools:special/endsword"}},
			{"when": "endsword2","model": {"type": "model","model": "customtools:special/endsword2"}},
			{"when": "hdwgh_sword","model": {"type": "model","model": "customtools:special/hdwgh_sword"}},
			{"when": "potato_scythe","model": {"type": "model","model": "customtools:special/potato_scythe"}},
			{"when": "wooden_scythe","model": {"type": "model","model": "customtools:scythes/wooden_scythe"}},
			{"when": "stone_scythe","model": {"type": "model","model": "customtools:scythes/stone_scythe"}},
			{"when": "iron_scythe","model": {"type": "model","model": "customtools:scythes/iron_scythe"}},
			{"when": "golden_scythe","model": {"type": "model","model": "customtools:scythes/golden_scythe"}},
			{"when": "diamond_scythe","model": {"type": "model","model": "customtools:scythes/diamond_scythe"}},
			{"when": "netherite_scythe","model": {"type": "model","model": "customtools:scythes/netherite_scythe"}},
			{"when": "emerald_sword","model": {"type": "model","model": "customtools:emerald/emerald_sword"}},
			{"when": "emerald__axe","model": {"type": "model","model": "customtools:emerald/emerald__axe"}},
			{"when": "emerald_pickaxe","model": {"type": "model","model": "customtools:emerald/emerald_pickaxe"}},
			{"when": "emerald_hoe","model": {"type": "model","model": "customtools:emerald/emerald_hoe"}},
			{"when": "emerald_shovel","model": {"type": "model","model": "customtools:emerald/emerald_shovel"}},
			{"when": "nights_edge","model": {"type": "model","model": "customtools:special/nights_edge"}},
			{"when": "dontuse","model": {"type": "model","model": "item/dontuse"}}
		]
	}
}
